TaskID,TaskName,StartDate,FinishDate,BAC,PlannedPctComplete,ActualPctComplete,ActualCostToDate
1,Outage Planning & Permits,2025-10-01,2025-10-06,8000,100.0,100.0,7900
2,Unit Shutdown & Cooldown,2025-10-07,2025-10-11,12000,100.0,90.0,12500
3,Turbine Casing Inspection,2025-10-12,2025-10-18,18000,80.0,60.0,14000
4,Blade Replacement,2025-10-19,2025-10-28,40000,60.0,50.0,22000
5,Rotor Balancing,2025-10-29,2025-11-03,15000,40.0,30.0,6000
6,Functional Testing,2025-11-04,2025-11-08,12000,20.0,10.0,2000
7,Startup & Synchronization,2025-11-09,2025-11-13,15000,0.0,0.0,0
8,Closeout & Documentation,2025-11-14,2025-11-18,10000,0.0,0.0,0
